"","iProfile","iBOFEK2012","iHoofd","B01","B02","B03","B04","B05","B06","B07","B08","B09","B10","B11","B12","B13","B14","B15","B16","B17","B18","O01","O02","O03","O04","O05","O06","O07","O08","O09","O10","O11","O12","O13","O14","O15","O16","O17","O18"
"1",1010,101,1,"","","","","","","","","","","","","","","","","12","","","","","","","","","","","","","","","","","","34",""
"2",1020,101,1,"","","","","","","","","","","","","","","","","12","","","","","","","","","","","","","","","","","","345",""
"3",1030,105,1,"","","","","","","","","","","","","","","","","1","","","","","","","","","","","","","","","","","23","",""
"4",1040,105,1,"","","","","","","","","","","","","","","","","1","","","","","","","","","","","","","","","","","23","",""
"5",1050,101,1,"","","","","","","","","","","","","","","","","1","","","","","","","","","","","","","","","","","","234",""
"6",1060,105,1,"","","","","","","","","","","","","","","","","1","","","","","","","","","","","","","4","","","","","23",""
"7",1070,102,1,"","","","","","","","","","","","","","","","","1","","","5","","","","","","","","","","","","","","","23","4"
"8",1071,101,1,"","","","","","","","","","","","","","","","","1","","","5","","","","","","","","","","","","","","","23","4"
"9",1072,102,1,"","","","","","","","","","","","","","","","","1","","","","","","","5","","","","","","","","","","","23","4"
"10",1080,103,1,"","","","","","","","","","","","","","","","1","","","","","","","","","","","","","","","","","","","23",""
"11",1090,103,1,"","","","","","","","","","","","","","","","1","","","","","","","","","","","","","","","","","","","23",""
"12",1100,103,1,"","","","","","","","","","","","","","","","1","","","","4","","","","","","","","","","","","","","","23",""
"13",1110,103,1,"","","","","","","","","","","","","","","","1","","","","4","","","","","","","","","","","","","","","23",""
"14",1111,104,1,"","","","","","","","","","","","","","","","1","","","","4","","","","","","","","","","","","5","","","23",""
"15",1120,103,1,"","","","","","","","","","","","","","","","1","","","5","34","","","","","","","","","","","","","","2","",""
"16",1130,101,1,"","","","","","","","","","","","","","","","","1","","","","","","","","","","","","","","23","","","","45",""
"17",1140,101,1,"","","","","","","","","","","","","","","","","1","","","","","","","","","","","2","","","","","","","34",""
"18",1150,105,1,"","","","","","","","","","","","","","","","","1","","","","","","","","","","","","","","2","","","45","","3"
"19",1160,101,1,"","","","","","","","","","","","","","","","","1","","","","","","","","","","","2","","3","","","","","45",""
"20",1170,101,1,"","","","","","","","","","","","","","","","","1","","","","","","","","","","","","","2","","","","","45","3"
"21",1180,102,1,"","","","","","","","","","","","","","","","","12","","5","","","","","","","","","","","","","","","","4","3"
"22",1190,101,1,"","","","","","","","","","","","","","","","","1","","","","","","","","","","","","","","2","","","","34",""
"23",1200,105,1,"","","","","","","","","","","","","","","","","1","","","","","","","","","","","","","","2","","","34","",""
"24",1210,105,1,"","","","","","","","","","","","","","","","","1","","","","","","","","","","","","","","2","","","34","",""
"25",1220,101,1,"","","","","","","","","","","","","","","","","1","","","","","","","","","","","","","","2","","","","34",""
"26",1225,101,1,"","","","","","","","","","","","","","","","","1","","","","","","","","","","","2","","","","","","","34",""
"27",1230,102,1,"","","","","","","","","","","","","","","","","1","","45","","","","","","","","","","","","2","","","","3",""
"28",1235,102,1,"","","","","","","","","","","","","","","","","1","","45","","","","","","","","","2","","","","","","","3",""
"29",1240,105,1,"","","","","","","","","","","","","","","","","1","","","","","","","","","","","","","","24","","","","3",""
"30",1250,109,1,"","1","","","","","","","","","","","","","","","","","","4","","","","","","","","","","","","","","","23",""
"31",1255,106,1,"","","","1","","","","","","","","","","","","","","","","4","","","","","","","","","","","","","","","23",""
"32",1260,109,1,"","1","","","","","","","","","","","","","","","","","","","","","","","","","","","","","","","","","23",""
"33",1265,106,1,"","","","1","","","","","","","","","","","","","","","","","","","","","","","","","","","","","","","23",""
"34",1270,110,1,"","1","","","","","","","","","","","","","","","","","45","3","","","","","","","","","","","","","","2","",""
"35",1275,106,1,"","1","","","","","","","","","","","","","","","","","45","3","","","","","","","","","","","","","","","","2"
"36",1281,107,1,"","","","","","","","","","","","","","","","","","1","","","","","","","","","","","","","","","","23","",""
"37",1282,107,1,"","","","","","","","","","","","","","","","1","","","","","","","","","","","","","","","","","","23","",""
"38",1290,107,1,"","","","","","","","","","","","","","","","","","1","","","","","","","","","","","","","","","","","23",""
"39",1300,105,1,"","","","","","","","","","","","","","","","","","1","","","","","","","","","","","","","4","","","","23",""
"40",1310,108,1,"","","","","","","","","","","","","","","","1","","","","4","","","","","","","","","","","","","","","23",""
"41",1320,108,1,"","","","","","","","","","","","","","","","1","","","","456","","","","","","","","","","","","","","23","",""
"42",1330,109,1,"","","","","","","","","","","","","","","1","","","","","","","","","","","","","","","","","","","","23",""
"43",1340,109,1,"","","","","","","","","","","","","","","1","","","","","5","4","","","","","","","","","","","","","","23",""
"44",1350,110,1,"","","","","","","","","","","","","","","1","","","","45","3","","","","","","","","","","","","","","2","",""
"45",2010,202,2,"","","","","","","","","12","","","","","","","","","","7","6","","5","","","","","","","3","","","","","","","4"
"46",2015,202,2,"","","","","","","","","1","","","","","","","","","","6","5","","4","","","","","","2","","","","","","","","3"
"47",2020,203,2,"","","","","","","","","","","","","","","1","","","","56","34","","","","","","","","","","","","","","","","2"
"48",2030,204,2,"","","","","","","","","","","","","","","1","","","","5","34","","","","6","","","","","","","","","","","","2"
"49",2040,205,2,"","1","","","","","","","","","","","","","","","","","56","34","","","","","","","","","","","","","","","","2"
"50",2050,206,2,"","1","","","","","","","","","","","","","","","","","5","34","","","","6","","","","","","","","","","","","2"
"51",2060,203,2,"","","","","","","","","","","","","","","1","","","","7","456","","","","","","","","","","","","","","23","",""
"52",2070,204,2,"","","","","","","","","","","","","","","1","","","","","456","","","","7","","","","","","","","","","23","",""
"53",2080,201,2,"","","","","","","","","","","","","","","","","1","","","","","","","","","","","","","34","","","","","","2"
"54",2081,201,2,"","","","","","","","","","","","","","","","","1","","","","","","","","","","","","","34","","","","","","2"
"55",2090,201,2,"","","","","","","","","","","","","","","","","1","","","","","","","","","","","","","34","","","","","","2"
"56",2110,202,2,"","","","","","","","","1","","","","","","","","","","","4","","","","","","","","","2","","","","","","","3"
"57",2115,202,2,"","","","","","","","","1","","","","","","","","","","","4","","","","","","","","2","","","","","","","","3"
"58",2120,205,2,"","1","","","","","","","","","","","","","","","","","","4","3","","","","","","","","","","","","","","","2"
"59",2121,206,2,"","1","","","","","","","","","","","","","","","","","","4","3","","","5","","","","","","","","","","","","2"
"60",2125,205,2,"","1","","","","","","","","","","","","","","","","","","4","3","","","","","","","","","","","","","","","2"
"61",2130,203,2,"","","","","","","","","","","","","","","1","","","","","4","","","","","3","","","","","","","","","","","2"
"62",2131,203,2,"","","","","","","","","","","","","","","1","","","","","4","","","5","","3","","","","","","","","","","","2"
"63",2140,204,2,"","","","","","","","","","","","","","","1","","","","","4","","","","5","3","","","","","","","","","","","2"
"64",2150,203,2,"","","","","","","","","","","","","","","1","","","","4","","","","","","3","","","","","","","","","","","2"
"65",2151,204,2,"","","","","","","","","","","","","","","1","","","","4","","","","","","35","","","","","","","","","","","2"
"66",2160,203,2,"","","","","","","","","","","","","","","1","","","","","4","3","","","","","","","","","","","","","","","2"
"67",9013010,310,3,"","1","","","","","","","","","","","","","","","","","","234","","","","","","","","","","","","","","","",""
"68",9023010,310,3,"","1","","","","","","","","","","","","","","","","","","234","","","","","","","","","","","","","","","",""
"69",3011,310,3,"","1","","","","","","","","","","","","","","","","","","234","","","5","","","","","","","","","","","","",""
"70",9013020,312,3,"","","1","","","","","","","","","","","","","","","","","34","2","","","","","","","","","","","","","","",""
"71",9023020,312,3,"","","1","","","","","","","","","","","","","","","","","34","2","","","","","","","","","","","","","","",""
"72",3030,320,3,"","","","","1","","","","","","","","","","","","","","","","","","234","","","","","","","","","","","","",""
"73",3040,310,3,"","12","","","","","","","","","","","","","","","","","45","3","","","","","","","","","","","","","","","",""
"74",3050,312,3,"","","12","","","","","","","","","","","","","","","","","5","34","","","","","","","","","","","","","","",""
"75",3060,319,3,"","","12","","","","","","","","","","","","","","","","","","345","","","6","","","","","","","","","","","",""
"76",3070,320,3,"","","","","12","","","","","","","","","","","","","","","","","","345","","","","","","","","","","","","",""
"77",9014010,304,3,"","1","","","","","","","","","","","","","","","","","4","23","","","","","","","","","","","","","","","",""
"78",9034010,304,3,"","1","","","","","","","","","","","","","","","","","2_5","","","","","","","","","","","","","","","","",""
"79",9024010,304,3,"","1","","","","","","","","","","","","","","","","","4","23","","","","","","","","","","","","","","","",""
"80",4015,304,3,"","","1","","","","","","","","","","","","","","","","4","23","","","","","","","","","","","","","","","",""
"81",9024020,305,3,"","1","","","","","","","","","","","","","","","","","2_5","","","","6","","","","","","","","","","","","",""
"82",9014020,305,3,"","1","","","","","","","","","","","","","","","","","234","","","","5","","","","","","","","","","","","",""
"83",4030,315,3,"","1","","","","","","","","","","","","","","","","","","234","","","","5","","","","","","","","","","","",""
"84",4031,306,3,"","1","","","","","","","","","","","","","","","","","","234","","","","","","","","","","","","5","","","",""
"85",4040,307,3,"","","","","","","","1","","","","","","","","","","","45","3","","","","","","","2","","","","","","","","",""
"86",4041,308,3,"","","","","","","","1","","","","","","","","","","","45","3","","","","6","","","2","","","","","","","","",""
"87",4045,307,3,"","","","","","","","1","","","","","","","","","","","45","3","","","","","","","2","","","","","","","","",""
"88",9014050,312,3,"","","1","","","","","","","","","","","","","","","","","4","23","","","","","","","","","","","","","","",""
"89",9034050,312,3,"","","1","","","","","","","","","","","","","","","","","4","23","","","","","","","","","","","","","","",""
"90",9024050,312,3,"","","1","","","","","","","","","","","","","","","","","4","23","","","","","","","","","","","","","","",""
"91",4060,312,3,"","","1","","","","","","","","","","","","","","","","","4","23","","5","","","","","","","","","","","","",""
"92",4070,315,3,"","","1","","","","","","","","","","","","","","","","","4","23","","","5","","","","","","","","","","","",""
"93",4071,314,3,"","","1","","","","","","","","","","","","","","","","","4","23","","","","","","","","","","","5","","","",""
"94",9024080,320,3,"","","","","1","","","","","","","","","","","","","","","","","","2_5","","","","","","","","","","","","",""
"95",9014080,320,3,"","","","","1","","","","","","","","","","","","","","","","","","23","","","","","","","","","","","","",""
"96",9014090,310,3,"","12","","","","","","","","","","","","","","","","","345","","","","","","","","","","","","","","","","",""
"97",9024090,310,3,"","12","","","","","","","","","","","","","","","","","345","","","","","","","","","","","","","","","","",""
"98",4100,305,3,"","12","","","","","","","","","","","","","","","","","34","","","","5","","","","","","","","","","","","",""
"99",4110,319,3,"","12","","","","","","","","","","","","","","","","","","345","","","","6","","","","","","","","","","","",""
"100",4111,306,3,"","12","","","","","","","","","","","","","","","","","34","5","","","","","","","","","","","","6","","","",""
"101",9014120,312,3,"","","12","","","","","","","","","","","","","","","","","45","3","","","","","","","","","","","","","","",""
"102",9024120,312,3,"","","12","","","","","","","","","","","","","","","","","45","3","","","","","","","","","","","","","","",""
"103",4121,312,3,"","","12","","","","","","","","","","","","","","","","","45","3","","6","","","","","","","","","","","","",""
"104",4130,319,3,"","","12","","","","","","","","","","","","","","","","","","34","","","5","","","","","","","","","","","",""
"105",4131,314,3,"","","12","","","","","","","","","","","","","","","","","","34","","","","","","","","","","","5","","","",""
"106",4140,301,3,"1","","","","","","","","","","","","","","","","","","2_5","","","","","","","","","","","","","","","","",""
"107",4150,301,3,"1","","","","","","","","","","","","","","","","","","2_5","","","","6","","","","","","","","","","","","",""
"108",4160,320,3,"","","","","1","","","","","","","","","","","","","","","","","","2_5","","","","","","","","","","","","",""
"109",4170,310,3,"","12","","","","","","","","","","","","","","","","","5","34","","","","","","","","","","","","","","","",""
"110",5010,505,5,"","","","","","","","","","","","","1","","","","","","","","","","","","","","","","","","","24","3","","",""
"111",5011,506,5,"","","","","","","","","","","","","1","","","","","","","","","","5","","","","","","","","","24","3","","",""
"112",5020,507,5,"","","","","","","","","","","","","","1","","","","","","","","","","","","","","","","","","","2_5","","",""
"113",5030,507,5,"","","","","","","","","","","","","","1","","","","","","","","","","","","","","","","","","","234","","",""
"114",5040,417,4,"","","","","","","","1","","","","","","","","","","","","","","","","","","5","23","4","","","","","","","",""
"115",8010,311,3,"","123","","","","","","","","","","","","","","","","","4","","","","","","","","","","","","","","","","",""
"116",8012,311,3,"","12","","","","","","","","","","","","","","3","","","4","","","","","","","","","","","","","","","","",""
"117",8016,327,3,"12","","","","","","","","","","","","","","","","","","3","","","","","","","","","","","","","","","","",""
"118",8020,317,3,"","","123","","","","","","","","","","","","","","","","","","4","","","","","","","","","","","","","","",""
"119",8021,311,3,"","","123","","","","","","","","","","","","","","","","","4","","","5","","","","","","","","","","","","",""
"120",8022,311,3,"","","12","","","","","","","","","","","","","3","","","","","4","","","","","","","","","","","","","","",""
"121",8030,311,3,"","123","","","","","","","","","","","","","","","","","5","4","","","","","","","","","","","","","","","",""
"122",9018040,317,3,"","","123","","","","","","","","","","","","","","","","","","45","","","","","","","","","","","","","","",""
"123",9028040,317,3,"","","123","","","","","","","","","","","","","","","","","","45","","","","","","","","","","","","","","",""
"124",8041,318,3,"","","123","","","","","","","","","","","","","","","","","","4","","","","","","","","","","","5","","","",""
"125",8050,322,3,"","","","","12","","","","","","","","","","","","","","","","","","34","","","","","","","","","","","","",""
"126",8060,311,3,"","123","","","","","","","","","","","","","","","","","5","4","","","","","","","","","","","","","","","",""
"127",8061,306,3,"","123","","","","","","","","","","","","","","","","","","4","","","","","","","","","","","","5","","","",""
"128",8070,311,3,"2","1","","","","","","","","","","","","","","","","","34","","","","5","","","","","","","","","","","","",""
"129",9018090,317,3,"","","123","","","","","","","","","","","","","","","","","","45","","","","","","","","","","","","","","",""
"130",9028090,317,3,"","","123","","","","","","","","","","","","","","","","","","45","","","","","","","","","","","","","","",""
"131",8091,317,3,"","3","12","","","","","","","","","","","","","","","","","4","","","5","","","","","","","","","","","","",""
"132",8100,319,3,"","","12","","","","","","","","","","","","","","","","","3","","","","4","","","","","","","","","","","",""
"133",8101,318,3,"","","123","","","","","","","","","","","","","","","","","","4","","","","","","","","","","","5","","","",""
"134",8110,322,3,"","","","","12","","","","","","","","","","","","","","","","","","34","","","","","","","","","","","","",""
"135",8120,327,3,"12","","","","","","","","","","","","","","","","","","3","","","","","","","","","","","","","","","","",""
"136",9010,416,4,"","","","","","","","12","","","","","","","","","","","","","","","","","3","","","","","","","","","","",""
"137",9020,505,5,"","","","","","","","","","","","","12","","","","","","","","","","","","","","","","","","","3","","","",""
"138",10010,309,3,"","12","","","","","","","","","","","","","","","","","4","3","","","","","","","","","","","","","","","",""
"139",10012,305,3,"","12","","","","","","","","","","","","","","","","","4","3","","","5","","","","","","","","","","","","",""
"140",10013,315,3,"","12","","","","","","","","","","","","","","","","","","34","","","","5","","","","","","","","","","","",""
"141",10014,327,3,"12","","","","","","","","","","","","","","","","","","35","","","","","","","","","","","","","","","","","4"
"142",10016,327,3,"12","","","","","","","","","","","","","","","","","","3","","","","","","","","","","","","","","","","",""
"143",10020,307,3,"","","","","","","","1","","","","","","","","","","","34","","","","","","","","2","","","","","","","","",""
"144",90110030,313,3,"","","12","","","","","","","","","","","","","","","","","4","3","","","","","","","","","","","","","","",""
"145",90310030,313,3,"","","1","","","","","","","","","","","","","","","","4","","23","","","","","","","","","","","","","","",""
"146",90210030,313,3,"","","12","","","","","","","","","","","","","","","","","4","3","","","","","","","","","","","","","","",""
"147",10040,309,3,"","","12","","","","","","","","","","","","","","","","","4","3","","5","","","","","","","","","","","","",""
"148",10060,315,3,"","","12","","","","","","","","","","","","","","","","","","3","","","4","","","","","","","","","","","",""
"149",10061,314,3,"","","1","","","","","","","","","","","","","","","","","","234","","","","","","","","","","","5","","","",""
"150",10070,313,3,"","","1","","","","","","","","","","","","","","","","","4","23","","","","","","","","","","","","","","",""
"151",10071,313,3,"","","1","","","","","","","","","","","","","","","","","4","23","","5","","","","","","","","","","","","",""
"152",10072,314,3,"","","1","","","","","","","","","","","","","","","","","","23","","","","","","","","","","","4","","","",""
"153",10080,316,3,"","","","","","","","1","","","","","","","","","","","","4","3","","","","","","","2","","","","","","","",""
"154",10081,316,3,"","","","","","","","1","","","","","","","","","","","","4","3","","5","","","","","2","","","","","","","",""
"155",10090,316,3,"","","","","","","","1","","","","","","","","","","","","4","3","","","","","","","2","","","","","","","",""
"156",10100,320,3,"","","","","1","","","","","","","","","","","","","","","","","","23","","","","","4","","","","","","","",""
"157",10110,310,3,"","1","","","","","","","","","","","","","","","","","3","2","","","","","","","","","","","","","","","",""
"158",10111,305,3,"","1","","","","","","","","","","","","","","","","","3","2","","","4","","","","","","","","","","","","",""
"159",10112,314,3,"","1","","","","","","","","","","","","","","","","","","23","","","","","","","","","","","","4","","","",""
"160",10120,307,3,"","","","","","","","1","","","","","","","","","","","4","23","","","","","","","","","","","","","","","",""
"161",10121,308,3,"","","","","","","","1","","","","","","","","","","","","","34","","","5","","","2","","","","","","","","",""
"162",10130,312,3,"","","1","","","","","","","","","","","","","","","","","","23","","","","","","","","","","","","","","",""
"163",10140,305,3,"","","1","","","","","","","","","","","","","","","","","3","2","","4","","","","","","","","","","","","",""
"164",10150,319,3,"","","1","","","","","","","","","","","","","","","","","","23","","","4","","","","","","","","","","","",""
"165",10151,314,3,"","","1","","","","","","","","","","","","","","","","","","23","","","","","","","","","","","4","","","",""
"166",10170,320,3,"","","","","1","","","","","","","","","","","","","","","","","","23","","","","","","","","","","","","",""
"167",90210186,302,3,"1","","","","","","","","","","","","","","","","","","23","","","","","","","","","","","","","","","","",""
"168",90110186,302,3,"","1","","","","","","","","","","","","","","","","","2","","","","","","","","","","","","","","","","",""
"169",10182,302,3,"1","","","","","","","","","","","","","","","","","","23","","","","4","","","","","","","","","","","","",""
"170",10186,324,3,"1","","","","","","","","","","","","","","","","","","23","","","","","","","","","","","","","","","","",""
"171",10190,303,3,"","","","","","","","","1","","","","","","","","","","3","","","","","","","","","2","","","","","","","",""
"172",10191,321,3,"","","","","","","","","1","","","","","","","","","","","","","","3","","","","","2","","","","","","","",""
"173",10195,303,3,"","","","","","","","","1","","","","","","","","","","3","","","","","","","","","2","","","","","","","",""
"174",10200,312,3,"","","1","","","","","","","","","","","","","","","","","4","23","","","","","","","","","","","","","","",""
"175",10201,314,3,"","","1","","","","","","","","","","","","","","","","","","2","","","","","","","","","","","3","","","",""
"176",10210,313,3,"","","1","","","","","","","","","","","","","","","","4","3","2","","","","","","","","","","","","","","",""
"177",10211,309,3,"","1","","","","","","","","","","","","","","","","","4","23","","","","","","","","","","","","","","","",""
"178",10220,316,3,"","","","","","","","","1","","","","","","","","","","","4","3","","","","","","","2","","","","","","","",""
"179",10221,303,3,"","","","","","","","","1","","","","","","","","","","34","","","","","","","","","2","","","","","","","",""
"180",10230,320,3,"","","","","1","","","","","","","","","","","","","","","","","","23","","","","","","","","","","","","",""
"181",10240,302,3,"1","","","","","","","","","","","","","","","","","","234","","","","","","","","","","","","","","","","",""
"182",10241,301,3,"1","","","","","","","","","","","","","","","","","","2_9","","","","","","","","","","","","","","","","",""
"183",10250,302,3,"1","","","","","","","","","","","","","","","","","","234","","","","5","","","","","","","","","","","","",""
"184",10251,320,3,"1","","","","","","","","","","","","","","","","","","234","56","","","78","","","","","","","","","","","","",""
"185",10260,320,3,"","","","","1","","","","","","","","","","","","","","","","","","2","","","","","","","","","","","","",""
"186",10270,302,3,"","1","","","","","","","","","","","","","","","","","3","2","","","","","","","","","","","","","","","",""
"187",90110280,312,3,"","","1","","","","","","","","","","","","","","","","","4","23","","","","","","","","","","","","","","",""
"188",90210280,312,3,"","","1","","","","","","","","","","","","","","","","","5","234","","","","","","","","","","","","","","",""
"189",10281,310,3,"","","1","","","","","","","","","","","","","","","","","4","23","","5","","","","","","","","","","","","",""
"190",10290,320,3,"","","","","1","","","","","","","","","","","","","","","","","","234","","","","","","","","","","","","",""
"191",11010,327,3,"","1","","","","","","","","","","","","","","","","","3","2","","","","","","","","","","","","","","","",""
"192",11020,323,3,"","","","1","","","","","","","","","","","","","","","","","","2","","","","","","","","","","","","","",""
"193",11021,323,3,"","","","1","","","","","","","","","","","","","","","","","","2","","","","","","","","","","","","","","3"
"194",11030,325,3,"","","","","","","","1","","","","","","","","","","","","23","","","","","","","","","","","","","","","",""
"195",11031,325,3,"","","","","","","","1","","","","","","","","","","","","","","2","","","","","","","","","","","","","",""
"196",11032,325,3,"","","","","","","","1","","","","","","","","","","","2","","","","","","","","","","","","","","","","",""
"197",90111040,323,3,"","1","","","","","","","","","","","","","","","","","","23","","","","","","","","","","","","","","","",""
"198",90211040,323,3,"","1","","","","","","","","","","","","","","","","","","23","","","","","","","","","","","","","","","",""
"199",90111050,324,3,"","1","","","","","","","","","","","","","","","","","3","2","","","","","","","","","","","","","","","",""
"200",90211050,324,3,"1","","","","","","","","","","","","","","","","","","23","","","","","","","","","","","","","","","","",""
"201",11051,324,3,"","","1","","","","","","","","","","","","","","","","3","","2","","","","","","4","","","","","","","","",""
"202",11060,326,3,"","","","","","","","","","","","","","","","","","","","","","","1","","","","","","","","","","","","",""
"203",11061,326,3,"","","","","1","","","","","","","","","","","","","","","","","","23","","","","","","","","","","","","",""
"204",11070,324,3,"1","","","","","","","","","","","","","","","","","","2","","","","","","","","","","","","","","","","",""
"205",11071,324,3,"1","","","","","","","","","","","","","","","","","","23","","","","","","","","","","","","","","","","",""
"206",12010,323,3,"","","1","","","","","","","","","","","","","","","","","","2","","","","","","","","","","","","","","",""
"207",12011,323,3,"","","1","","","","","","","","","","","","","","","","","","2","","","","","","","","","","","","","","","3"
"208",12020,325,3,"","","","","","","","1","","","","","","","","","","","","","3","","","","","","2","","","","","","","","",""
"209",13010,401,4,"","","","","","","","","","","","","","","","","","","","3","","","","","","2","1","","","","","","","","",""
"210",13020,401,4,"","","","","","","","","","","","","","","","","","","","3","","","","","","","2","1","","","","","","","",""
"211",13030,401,4,"","","","","","","","","","1","","","","","","","","","","5","","","","","","","4","","23","","","","","","",""
"212",13040,401,4,"","","","","","","","","","1","","","","","","","","","","","","","","","","","4","","23","","","","","","",""
"213",15010,413,4,"","","","","","","","","1","","","","","","","","","","","","","","","","","","","2","","3","","","","","4",""
"214",15020,405,4,"","","","","","","","","","","1","","","","","","","","","","","","","","","","","","","2","","","","","3",""
"215",15030,421,4,"","","","","","","","","","12","","","","","","","","","","","","","","","","","","4","3","","","","","","",""
"216",15040,415,4,"","","","","","","","","","","1","","","","","","","","","","","","","","","","","","4","23","","","","","",""
"217",15041,415,4,"","","","","","","","","","","1","","","","","","","","","","","","","","","","","","","234","","","","","",""
"218",90115050,418,4,"","","","","","","","","1","","","","","","","","","","","","","","","","","","3","2","","","","","","","",""
"219",90215050,418,4,"","","","","","","","","12","","","","","","","","","","","","","","","","","","4","3","","","","","","","",""
"220",15051,408,4,"","","","","","","","12","","","","","","","","","","","4","","","","","","","","3","","","","","","","","",""
"221",90115060,420,4,"","","","","","","","","","12","","","","","","","","","","","","","","","","","","","4","3","","","","","",""
"222",90215060,420,4,"","","","","","","","","","12","","","","","","","","","","","","","","","","","","","4","3","","","","","",""
"223",15070,414,4,"","","","","","","","","","","","12","","","","","","","","","","","","","","","","","4","3","","","","","",""
"224",15071,402,4,"","","","","","","","","","","1","","","","","","","","","","","","","","","","","5","4","2","","","","","","3"
"225",15080,418,4,"","","","","","","","","1","","","","","","","","","","","","","","","","","","3","2","","","","","","","",""
"226",15090,415,4,"","","","","","","","","","","12","","","","","","","","","","","","","","","","","5","","34","","","","","",""
"227",15100,402,4,"","","","","","","","","","","","","","","","","","","","","","","","","","","12","","3","","","","","","45",""
"228",15101,403,4,"","","","","","","","","1","","","","","","","","","","","","","","","","","","","","2","","","","","","34",""
"229",15110,402,4,"","","","","","","","","","1","","","","","","","","","","","","","","","","","","","2","","","","","","34",""
"230",15111,405,4,"","","","","","","","","","","1","","","","","","","","","","","","","","","","","","","2","","","","","34",""
"231",15120,403,4,"","","","","","","","","1","","","","","","","","","","","","","","","","","","","2","3","","","","","","45",""
"232",15130,405,4,"","","","","","","","","","","12","","","","","","","","","","","","","","","","","","","3","","","","","45",""
"233",15131,405,4,"","","","","","","","","","","1","2","","","","","","","","","","","","","","","","","","","3","","","","45",""
"234",15132,405,4,"","","","","","","","","","","12","","","","","","","","","6","","","","","","","","","","","3","","","","45",""
"235",15140,401,4,"","","","","","","1","","","","","","","","","","","","","4","","","","","","","23","","","","","","","","",""
"236",15160,421,4,"","","","","","","","","","1","","","","","","","","","","","","","","","","","","4","23","","","","","","",""
"237",15170,415,4,"","","","","","","","","","","12","","","","","","","","","","","","","","","","","5","4","3","","","","","",""
"238",15171,405,4,"","","","","","","","","","","12","","","","","","","","","","","","","","","","","","","34","","","","","5",""
"239",15180,408,4,"","","","","","","","1","","","","","","","","","","","4","","","","","","","3","2","","","","","","","","",""
"240",15190,408,4,"","","","","","","","1","","","","","","","","","","","4","","","","","","","","2","3","","","","","","","",""
"241",15200,410,4,"","","","","","","","","1","","","","","","","","","","4","","","","","","","","3","2","","","","","","","",""
"242",15210,410,4,"","","","","","","","","1","","","","","","","","","","4","","","","","","","","3","2","","","","","","","",""
"243",15220,412,4,"","","","","","","","","","1","","","","","","","","","4","","","","","","","","3","","2","","","","","","",""
"244",15230,412,4,"","","","","","","","","","1","","","","","","","","","4","","","","","","","","","3","2","","","","","","",""
"245",90115240,416,4,"","","","","","","","1","","","","","","","","","","","","","","","","","","3","2","","","","","","","","",""
"246",90215240,416,4,"","","","","","","","1","","","","","","","","","","","","","","","","","","5","23","4","","","","","","","",""
"247",15241,416,4,"","","","","","","","12","","","","","","","","","","","5","","","","","","","4","3","","","","","","","","",""
"248",15250,406,4,"","","","","","","","1","","","","","","","","","","","","","","","","","","3","2","","","4","","","","","5",""
"249",15251,406,4,"","","","","","","","1","","","","","","","","","","","","","","","","","","","2","","","45","","","","","3",""
"250",15260,416,4,"","","","","","","","12","","","","","","","","","","","","","","","","","","4","3","","","","","","","","",""
"251",90115270,418,4,"","","","","","","","","1","","","","","","","","","","","","","","","","","","3","2","","","","","","","",""
"252",90215270,418,4,"","","","","","","","","12","","","","","","","","","","","","","","","","","","4","3","","","","","","","",""
"253",15280,419,4,"","","","","","","","","1","","","","","","","","","","4","","","","","","","","","2","3","","","","","","",""
"254",15290,407,4,"","","","","","","","","12","","","","","","","","","","","","","","","","","","","34","","","","","","","5",""
"255",15291,407,4,"","","","","","","","","12","","","","","","","","","","","","","","","","","","","3","5","","","","","","4",""
"256",15300,418,4,"","","","","","","","","12","","","","","","","","","","","","","","","","","","4","3","","","","","","","",""
"257",15310,419,4,"","","","","","","","","1","","","","","","","","","","","","","","","","","","","24","3","","","","","","",""
"258",15311,407,4,"","","","","","","","","1","","","","","","","","","","","","","","","","","","3","2","","","","","","","4",""
"259",90115320,421,4,"","","","","","","","","","1","","","","","","","","","","","","","","","","","4","","23","","","","","","",""
"260",90215320,421,4,"","","","","","","","","","12","","","","","","","","","","","","","","","","","5","","34","","","","","","",""
"261",15330,421,4,"","","","","","","","","","1","","","","","","","","","5","","","","","","","","","4","23","","","","","","",""
"262",15340,405,4,"","","","","","","","","","12","","","","","","","","","","","","","","","","","","","3","4","","","","","5",""
"263",15350,421,4,"","","","","","","","","","1","","","","","","","","","","","","","","","","","","4","23","","","","","","",""
"264",15351,402,4,"","","","","","","","","","1","","","","","","","","","","","","","","","","","","34","2","","","","","","","5"
"265",90115360,415,4,"","","","","","","","","","","1","","","","","","","","","","","","","","","","","","34","2","","","","","",""
"266",90215360,415,4,"","","","","","","","","","","12","","","","","","","","","","","","","","","","","","45","3","","","","","",""
"267",15361,415,4,"","","","","","","","","","","12","","","","","","","","5","","","","","","","","","","4","3","","","","","",""
"268",15370,408,4,"","","","","","","","12","","","","","","","","","","","56","","","","","","","","3","4","","","","","","","",""
"269",15380,412,4,"","","","","","","","","","12","","","","","","","","","","45","","","","","","","","","","3","","","","","",""
"270",15381,405,4,"","","","","","","","","","12","","","","","","","","","56","","","","","","","","","","","3","","","","","","4"
"271",15390,413,4,"","","","","","","","","12","","","","","","","","","","","","","","","","","","","4","","3","","","","","",""
"272",15400,415,4,"","","","","","","","","","","12","","","","","","","","","","","","","","","","","","4","3","","","","","",""
"273",15401,415,4,"","","","","","","","","","","1","","","","","","","","","","","","","","","","","","","2_5","","","","","",""
"274",15402,405,4,"","","","","","","","","","","1","","","","","","","","","","","","","","","","","","","","2","","","","34",""
"275",15403,405,4,"","","","","","","","","","","1","","","","","","","","","4","","","","","","","","","","","2","","","","3",""
"276",90115410,416,4,"","","","","","","","1","","","","","","","","","","","","","4","","","","","3","2","","","","","","","","",""
"277",90215410,416,4,"","","","","","","","12","","","","","","","","","","","","","","","","","","4","3","","","","","","","","",""
"278",15411,406,4,"","","","","","","","1","","","","","","","","","","","","","","","","","","","2","","","45","","","","","3",""
"279",15420,416,4,"","","","","","","","12","","","","","","","","","","","","","","","","","","4","3","","","","","","","","",""
"280",90115430,418,4,"","","","","","","","","1","","","","","","","","","","","","","","","","","","","234","","","","","","","",""
"281",90215430,418,4,"","","","","","","","","12","","","","","","","","","","","","","","","","","","","345","","","","","","","",""
"282",15431,407,4,"","","","","","","","","12","","","","","","","","","","","","","","","","","","","3","","56","","","","","4",""
"283",15440,415,4,"","","","","","","","","","","12","","","","","","","","","","","","","","","","","5","","34","","","","","",""
"284",15441,405,4,"","","","","","","","","","","12","","","","","","","","","","","","","","","","4","","","3","","","","","5",""
"285",15442,405,4,"","","","","","","","","","","12","","","","","","","","","6","","","","","","","","","4","3","","","","","","5"
"286",15450,413,4,"","","","","","","","","1","","","","","","","","","","","","","","","","","","3","","","2","","","","","",""
"287",15451,408,4,"","","","","","","","12","","","","","","","","","","","4","","","","","","","3","","","","","","","","","",""
"288",15452,413,4,"","","","","","","","","12","","","","","","","","","","","","","","","","","","","","3","4","","","","","5",""
"289",15460,415,4,"","","","","","","","","","","1","","","","","","","","","","","","","","","","","","3","2","","","","","",""
"290",15461,415,4,"","","","","","","","","","","1","","","","","","","","","3","","","","","","","","","","2","","","","","",""
"291",15462,405,4,"","","","","","","","","","12","","","","","","","","","","","","","","","","","","","","356","","","","","","4"
"292",15470,415,4,"","","","","","","","","","","12","","","","","","","","","","","","","","","","","","","35","4","","","","",""
"293",15480,405,4,"","","","","","","","","","","12","","","","","","","","","","","","","","","","","","","35","4","","","","6",""
"294",15481,405,4,"","","","","","","","","","","12","","","","","","","","","","","","","","","","","","","3","4","","","","5",""
"295",90115490,416,4,"","","","","","","","1","","","","","","","","","","","","","4","","","","","3","2","","","","","","","","",""
"296",90215490,416,4,"","","","","","","","12","","","","","","","","","","","","","5","","","","","4","3","","","","","","","","",""
"297",90115500,418,4,"","","","","","","","","1","","","","","","","","","","","","","","","","","","","234","","","","","","","",""
"298",90215500,418,4,"","","","","","","","","12","","","","","","","","","","","","","","","","","","","345","","","","","","","",""
"299",15510,421,4,"","","","","","","","","","12","","","","","","","","","","","","","","","","","","5","34","","","","","","",""
"300",15520,414,4,"","","","","","","","","","12","","","","","","","","","","","","","","","","","","","3","45","","","","","",""
"301",15521,414,4,"","","","","","","","","","1","","","","","","","","","6","45","","","","","","","","","2","3","","","","","",""
"302",15530,414,4,"","","","","","","","","","12","","","","","","","","","","","","","","","","","","","3","4","","","","","",""
"303",15540,415,4,"","","","","","","","","","","12","","","","","","","","","","","","","","","","","","","345","","","","","",""
"304",15541,415,4,"","","","","","","","","","","12","","","","","","","","5","","","","","","","","","","","34","","","","","",""
"305",15550,415,4,"","","","","","","","","","","12","","","","","","","","","","","","","","","","","","","345","","","","","",""
"306",15560,405,4,"","","","","","","","","","","12","","","","","","","","","","","","","","","","","","","3","","","","","4",""
"307",16010,404,4,"","","","","","","","","","","12","","","","","","","","","","","","","","","","","","","3","4","","","","5",""
"308",16020,410,4,"","","","","","","","","12","","","","","","","","","","","","","","","","","","5","3","4","","","","","","",""
"309",16021,410,4,"","","","","","","","","12","","","","","","","","","","4","","","","","","","","3","","","","","","","","",""
"310",16030,415,4,"","","","","","","","","","","12","","","","","","","","","","","","","","","","","","4","3","","","","","",""
"311",16040,404,4,"","","","","","","","","","","","12","","","","","","","","","","","","","","","","","","","34","","","","5",""
"312",90116050,408,4,"","","","","","","","1","","","","","","","","","","","","3","","","","","","","2","","","","","","","","",""
"313",90216050,408,4,"","","","","","","","1","","","","","","","","","","","","3","","","","","","","2","","","","","","","","",""
"314",90116060,414,4,"","","","","","","","","","1","","","","","","","","","","","","","","","","","","","2","","34","","","","",""
"315",90216060,414,4,"","","","","","","","","","12","","","","","","","","","","","","","","","","","","","3","","45","","","","",""
"316",16061,404,4,"","","","","","","","","","12","","","","","","","","","","","","","","","","","","","3","","4","","","","5",""
"317",16070,415,4,"","","","","","","","","","","12","","","","","","","","","","","","","","","","","","","3","4","","","","",""
"318",90116080,417,4,"","","","","","","","1","","","","","","","","","","","","","","","","","","","2","3","","","","","","","",""
"319",90216080,417,4,"","","","","","","","1","","","","","","","","","","","","","","","","","","","2","3","","","","","","","",""
"320",90116090,419,4,"","","","","","","","","1","","","","","","","","","","","","","","","","","","4","2","3","","","","","","",""
"321",90216090,419,4,"","","","","","","","","12","","","","","","","","","","","","","","","","","","5","3","4","","","","","","",""
"322",16110,410,4,"","","","","","","","","12","","","","","","","","","","4","","","","","","","","","3","","","","","","","",""
"323",16111,411,4,"","","","","","","","","12","","","","","","","","","","4","","","","","","","","","3","","","","","","","",""
"324",16120,410,4,"","","","","","","","","12","","","","","","","","","","","4","","","","","","","3","","","","","","","","",""
"325",16121,418,4,"","","","","","","","","12","","","","","","","","","","","","","","","","","","","34","","","","","","","",""
"326",16130,414,4,"","","","","","","","","","12","","","","","","","","","","","","","","","","","","5","3","","4","","","","",""
"327",16140,410,4,"","","","","","","","","12","","","","","","","","","","45","","","","","","","","","3","","","","","","","",""
"328",16150,414,4,"","","","","","","","","","1","","","","","","","","","","","","","","","","","","","2","3","","","","","",""
"329",16160,422,4,"","","","","","","","","","","12","","","","","","","","","","","","","","","","","","5","3","4","","","","",""
"330",16170,415,4,"","","","","","","","","","","12","","","","","","","","4","","","","","","","","","","","3","","","","","",""
"331",16171,404,4,"","","","","","","","","","","12","","","","","","","","5","","","","","","","","","","","3","","","","","4",""
"332",16180,415,4,"","","","","","","","","","","1","","","","","","","","","","","","","","","","","","3","2","","","","","",""
"333",16190,422,4,"","","","","","","","","","","","12","","","","","","","","","","","","","","","","","","","34","","","","",""
"334",16200,404,4,"","","","","","","","","","","","12","","","","","","","","","","","","","","","","","","","3","","","","4",""
"335",16201,404,4,"","","","","","","","","","","","12","","","","","","","","","","","","","","","","","","","35","","","","","4"
"336",90116210,417,4,"","","","","","","","1","","","","","","","","","","","","","","","","","","","2","3","","","","","","","",""
"337",90216210,417,4,"","","","","","","","1","","","","","","","","","","","","","","","","","","","2","3","","","","","","","",""
"338",90116220,419,4,"","","","","","","","","1","","","","","","","","","","","","","","","","","","","2","3","","","","","","",""
"339",90216220,419,4,"","","","","","","","","12","","","","","","","","","","","","","","","","","","","3","4","","","","","","",""
"340",90116230,416,4,"","","","","","","","1","","","","","","","","","","","","4","","","","","","3","2","","","","","","","","",""
"341",90216230,416,4,"","","","","","","","1","","","","","","","","","","","","4","","","","","","3","2","","","","","","","","",""
"342",90116240,418,4,"","","","","","","","","1","","","","","","","","","","","4","","","","","","","","23","","","","","","","",""
"343",90216240,418,4,"","","","","","","","","1","","","","","","","","","","","4","","","","","","","","23","","","","","","","",""
"344",90116250,416,4,"","","","","","","","1","","","","","","","","","","","","4","","","","","","3","2","","","","","","","","",""
"345",90216250,416,4,"","","","","","","","1","","","","","","","","","","","","4","","","","","","3","2","","","","","","","","",""
"346",90116260,418,4,"","","","","","","","","1","","","","","","","","","","","4","","","","","","","","2","3","","","","","","",""
"347",90216260,418,4,"","","","","","","","","1","","","","","","","","","","","4","","","","","","","","2","3","","","","","","",""
"348",17010,408,4,"","","","","","","","1","","","","","","","","","","","","4","","","","","","","2","3","","","","","","","",""
"349",17020,409,4,"","","","","","","","1","","","","","","","","","","","","","","","4","","","","2","3","","","","","","","",""
"350",17030,411,4,"","","","","","","","","1","","","","","","","","","","","4","","","","","","","","2","3","","","","","","",""
"351",17040,411,4,"","","","","","","","","1","","","","","","","","","","","","","","4","","","","","2","3","","","","","","",""
"352",17050,414,4,"","","","","","","","","","1","","","","","","","","","","","","","","","","","","","24","3","","","","","",""
"353",17051,414,4,"","","","","","","","","","1","","","","","","","","","","","","","4","","","","","","2","3","","","","","",""
"354",17060,408,4,"","","","","","","","1","","","","","","","","","","","4","","","","","","","","23","","","","","","","","",""
"355",17061,409,4,"","","","","","","","1","","","","","","","","","","","","","","","4","","","","23","","","","","","","","",""
"356",17070,411,4,"","","","","","","","","1","","","","","","","","","","","","","","","","","","","2","34","","","","","","",""
"357",17071,411,4,"","","","","","","","","1","","","","","","","","","","","","","","4","","","","","2","3","","","","","","",""
"358",18010,504,5,"","","","","","","","","","","","","1","","","","","","","","3","","","","","","","","","","","2","","","",""
"359",18020,504,5,"","","","","","","","","","","","","1","","","","","","","3","","","","","","","","","","","","2","","","",""
"360",18021,506,5,"","","","","","","","","","","","","1","","","","","","","","","","4","","","","","","","","","23","","","",""
"361",18030,506,5,"","","","","","","","","","","","","1","","","","","","","","","","3","","","","","","","","","2","","","",""
"362",18031,505,5,"","","","","","","","","","","","","1","","","","","","","","3","","","","","","","","","","","2","","","",""
"363",18040,507,5,"","","","","","","","","","","","","","1","","","","","","","","","","","","","","","","","","","23","","",""
"364",18041,506,5,"","","","","","","","","","","","","","1","","","","","","","","","4","","","","","","","","","","23","","",""
"365",18050,507,5,"","","","","","","","","","","","","","1","","","","","","","","","","","","","","","","","","","23","","",""
"366",22010,502,5,"","","","","","1","","","","","","","","","","","","","","","","","","23","","","","","","","","","","","",""
"367",22011,501,5,"","","","","","","","","1","","","","","","","","","","","","","","","","","","","2","","3","","","","","",""
"368",22020,503,5,"","","","","","","","","","","1","","","","","","","","","","","","","","","","","","","","23","","","","",""
